model,auc_normal
XGBoost-All,0.9602257794921247
Causal-LR (observable),0.8582994535519126
Causal-LR (behavioural),0.8600650594664094
