feature,coefficient,std_error,ci_lower,ci_upper,expected_sign,match
income_mean,-0.4328479574795493,0.1084884848895654,-0.6454814806004153,-0.22021443435868324,Negative,YES
income_cv,0.3189089602784468,0.056735634824897276,0.20770915938163168,0.43010876117526187,Positive,YES
utility_rate,-0.8269712127623124,0.04818420193665197,-0.9214105131819554,-0.7325319123426695,Negative,YES
dti_final,0.2660072968385879,0.08728656036912354,0.09492878218072459,0.43708581149645126,Positive,YES
employment_status,0.02920174097810409,0.051926257744453475,-0.07257185405296879,0.13097533600917696,Either,OK*
shock_total,0.2214799774404336,0.04223862297730322,0.1386937976483533,0.30426615723251393,Positive,YES
