feature,coefficient,std_error,ci_lower,ci_upper,expected_sign,match
income_mean,-0.43284795747955185,0.1084884848895658,-0.6454814806004187,-0.220214434358685,Negative,YES
income_cv,0.3189089602784476,0.0567356348248974,0.20770915938163226,0.430108761175263,Positive,YES
utility_rate,-0.8269712127623141,0.048184201936651946,-0.921410513181957,-0.7325319123426712,Negative,YES
dti_final,0.26600729683858515,0.08728656036912377,0.09492878218072134,0.437085811496449,Positive,YES
employment_status,0.029201740978104365,0.05192625774445343,-0.07257185405296843,0.13097533600917716,Either,OK*
shock_total,0.22147997744043257,0.04223862297730326,0.13869379764835219,0.30426615723251293,Positive,YES
