Model,AUC_Normal,AUC_Recession,Delta,Stability
GBM-All (Villain),0.9559796849887495,0.41061587378020187,-0.5453638112085477,COLLAPSED
Causal-LR Observable (Hero),0.8582994535519126,0.8577524461555122,-0.0005470073964004563,STABLE
Causal-LR Behavioural (Hero+),0.8600650594664094,0.85764801237566,-0.0024170470907494135,STABLE
